{
  "mean": [
    13611.748312379535,
    13260250.094350552,
    6.080376208025561,
    490.5432869706097,
    6044.318813677663,
    271.82002593992695,
    64.40649910052674,
    100.71755359024911,
    364.0200172970506,
    124.22154745905053,
    139.49538739694265,
    300815.6488012387,
    32962.39910232714,
    4420649.121370271,
    1454270.954449016,
    8084028.1744912,
    3221379.104736127,
    12903287.112897996,
    4748645.769336228,
    7838025.600790625,
    3293848.3061487568,
    8006469.98505658,
    2551551.6171793267,
    127.40993783907756,
    27529.142102295904,
    5433.702100450552,
    446.6966062305535,
    90.21095167231245,
    141.21215999387604,
    48448.28059763709,
    0.15893091573816942,
    103.48243862054308,
    64.40649910052674,
    124.22154745905053,
    6.080376208025561,
    490.5432869706097,
    7.375637765189431,
    6044.33149893461,
    9362.179334317754,
    10298.89607590818
  ],
  "scale": [
    22121.513983332112,
    798687468.9415549,
    70.92041214515933,
    15438.098522235725,
    269824.78712068265,
    362.57017677715965,
    71.8535861836999,
    146.90944942903022,
    489.18909665527747,
    172.63157366039636,
    198.03857192643213,
    4105446.7746358262,
    220494.52716850975,
    476417231.7098529,
    378461778.8339142,
    840650839.5219963,
    921441458.0169644,
    798683737.3203634,
    476419389.4000568,
    840648600.8921891,
    921442675.4538993,
    26449590.975069214,
    9825347.388111074,
    1689.665750332951,
    204343.66685041063,
    52443.05263440951,
    527.7477126499331,
    112.81707100715334,
    168.84136397527158,
    124687.92360388748,
    0.36561165156597003,
    116.88337943141366,
    71.8535861836999,
    172.63157366039636,
    70.92041214515933,
    15438.098522235725,
    189.27931710834952,
    269829.7515955889,
    18811.573128035492,
    21527.12570088936
  ],
  "cols": [
    "ACK Flag Cnt",
    "Active Mean",
    "Active Min",
    "Bwd Blk Rate Avg",
    "Bwd Byts/b Avg",
    "Bwd Header Len",
    "Bwd IAT Mean",
    "Bwd IAT Min",
    "Bwd IAT Std",
    "Bwd PSH Flags",
    "Bwd Pkt Len Max",
    "Bwd Pkt Len Mean",
    "Bwd Pkt Len Min",
    "Bwd Pkt Len Std",
    "Bwd Pkts/b Avg",
    "Bwd Pkts/s",
    "Bwd Seg Size Avg",
    "Bwd URG Flags",
    "CWE Flag Count",
    "Dst Port",
    "ECE Flag Cnt",
    "FIN Flag Cnt",
    "Flow IAT Max",
    "Fwd Blk Rate Avg",
    "Fwd Header Len",
    "Fwd IAT Max",
    "Fwd IAT Min",
    "Fwd IAT Std",
    "Fwd IAT Tot",
    "Fwd PSH Flags",
    "Fwd Seg Size Min",
    "Idle Max",
    "Idle Mean",
    "Idle Min",
    "Pkt Len Min",
    "Pkt Len Std",
    "Pkt Len Var",
    "Pkt Size Avg",
    "Protocol",
    "RST Flag Cnt"
  ]
}